	name	count
984	NOT	1824
628	THE	1544
175	IT	1399
1030	A	1323
2335	TO	1287
541	AND	1152
726	I	1118
87	THIS	982
2284	FOR	930
187	ROUTER	921
1207	ONE	856
281	IS	808
1531	BUT	765
1069	STARS	746
1976	OF	699
1529	STAR	664
1828	WITH	629
178	GOOD	628
3033	NETGEAR	608
1762	WORK	589
2392	PRODUCT	502
2210	GREAT	495
1151	SUPPORT	485
251	WORKS	460
2759	WAS	459
1407	MY	435
446	THREE	430
124	BUY	428
51	IN	384
3216	AS	383
996	YOU	372
653	TWO	361
342	RANGE	342
143	ON	321
3047	HAVE	318
952	DON'T	312
2027	WORKED	301
2676	NO	300
620	VERY	287
2011	BETTER	287
218	DO	276
2055	WIFI	275
2081	AFTER	273
2713	THAT	267
3487	BE	259
1101	UP	258
377	MONTHS	255
2701	MONEY	255
3344	CONNECTION	251
2181	SO	245
482	POOR	244
1430	SIGNAL	242
972	GET	239
3091	DOES	229
1838	BAD	225
2786	EXTENDER	223
2643	TIME	212
825	IF	211
453	AT	210
3255	THAN	209
1066	YOUR	206
957	CUSTOMER	205
211	HAD	201
1373	WASTE	197
2685	WOULD	196
2175	LIKE	195
3497	DISAPPOINTED	193
2301	WORKING	186
3521	FROM	186
256	SERVICE	183
2489	JUST	174
284	ONLY	173
1879	WHEN	173
592	IT'S	171
1360	DOESN'T	165
3476	TERRIBLE	165
1703	DID	164
1068	FINE	160
2214	EASY	158
1291	ALL	157
1229	OUT	155
3140	OK	153
3706	AN	151
2384	INTERNET	151
411	WHAT	149
3519	WIRELESS	148
1117	ME	146
1070	BEWARE	145
1866	JUNK	143
1678	OR	142
2677	HAS	141
1826	DIDN'T	140
3066	WELL	139
2093	DEVICE	137
1549	SET	136
2811	FIRMWARE	134
1093	PROBLEMS	130
3356	SETUP	127
2971	THEN	127
3607	TECH	126
444	HORRIBLE	123
840	PERFORMANCE	120
2796	DROPS	117
3576	WORTH	115
783	MORE	115
1611	SPEED	113
177	MUCH	113
1902	ISSUES	111
798	WORST	110
1904	WILL	109
785	NEW	107
3136	UNRELIABLE	107
79	ABOUT	107
1159	UNIT	105
165	CONNECT	104
2002	BOUGHT	102
1571	USE	100
3683	COULD	99
606	GARBAGE	99
2554	SLOW	98
1683	ARE	97
2992	YEAR	96
423	FIRST	96
3599	REALLY	93
1972	NEVER	88
1570	DAYS	87
1379	OLD	85
1957	PRICE	83
149	RETURNED	81
2053	NETWORK	81
370	BY	80
734	EVER	80
3761	SOME	80
1846	STOPPED	78
3250	STILL	78
2065	USED	77
469	TOO	76
2914	OTHER	76
2906	AGAIN	76
1550	BEST	76
2622	EVEN	75
2559	PIECE	75
915	RETURN	74
203	AWAY	74
573	FAST	73
1780	RECOMMEND	73
465	NOW	73
2115	THEY	71
1859	BACK	70
3665	BECAUSE	70
3111	STAY	70
1342	DEFECTIVE	69
855	EVERY	69
2873	AVOID	69
3246	FEW	69
3085	NEED	68
2038	ITS	67
689	GOT	67
3572	USELESS	67
3605	AM	66
1783	BUYER	66
38	CAN	65
3695	WARRANTY	65
1781	RELIABLE	65
3732	PROBLEM	65
1224	BAND	65
3231	DEVICES	64
1666	CONNECTIONS	64
3532	LESS	63
1300	PURCHASE	63
2708	ITEM	63
330	MONTH	62
272	BEEN	62
2863	DISAPPOINTING	62
2062	SPEEDS	61
2884	ADVERTISED	61
1009	WI-FI	61
3328	WORSE	61
3460	EXPECTED	59
2543	UNTIL	59
1411	QUALITY	59
821	WHICH	58
797	10	58
1018	PURCHASED	57
1412	DROPPING	57
3573	SOFTWARE	57
3134	NICE	57
1349	DIED	56
2089	POWER	56
1062	HAPPY	56
708	WANT	56
3450	AMAZON	55
516	WON'T	54
2340	BOX	54
2501	SHOULD	54
1212	SURE	53
2007	MODEM	53
1108	USB	53
1784	HOUSE	53
906	OVER	53
380	NEEDS	53
3691	I'VE	53
2741	FAR	53
393	NIGHTHAWK	52
2442	I'M	52
962	WINDOWS	52
2090	GO	52
704	DAY	52
604	SOMETHING	51
2674	WE	51
2370	OFF	51
2653	ACCESS	51
2294	HOURS	50
3640	HARDWARE	50
1652	EXTEND	50
2045	OUR	49
2233	CAN'T	49
1553	EXPENSIVE	49
3569	CONSTANTLY	48
137	ANY	48
1150	REFURBISHED	48
1966	HELP	47
1457	EXPERIENCE	47
64	WEAK	47
1811	BUYING	47
92	PRETTY	47
3438	SEEMS	46
1477	SHORT	46
2668	THERE	46
3220	AWFUL	45
3597	LAST	45
3155	FAILED	45
1368	ANOTHER	45
2711	SUCKS	45
1707	WEEK	45
3411	MAKE	44
2810	KEEPS	44
1643	DISCONNECTS	44
1359	CRAP	44
2945	ENOUGH	44
793	OKAY	44
1392	INSTALL	44
2818	DEAD	43
2455	WHILE	43
3628	CONNECTED	43
2356	BEFORE	43
1556	PRODUCTS	43
2099	PARENTAL	43
2300	REVIEWS	43
1372	HARD	43
3391	DISAPPOINTMENT	42
404	CONNECTIVITY	42
2753	SAVE	42
1842	DONT	42
2066	LITTLE	41
1503	ROUTERS	41
768	NOTHING	41
1849	WANTED	41
2195	TIMES	40
2095	BUGGY	40
1165	5GHZ	40
2537	HOME	40
979	SECURITY	40
2134	PAY	40
2470	RECOMMENDED	40
2932	SAME	40
244	WIRED	39
3533	THING	39
899	TRYING	39
2938	BOTH	39
602	INSTRUCTIONS	39
767	SEVERAL	39
429	DIFFICULT	39
818	WEEKS	39
3444	REVIEW	39
3087	UPDATE	38
16	TRIED	38
192	RELIABILITY	38
3588	COULDN'T	38
1188	READ	38
2522	COVERAGE	37
3500	LOOKS	37
762	HOW	37
1118	HAVING	37
356	MODEL	37
2317	DROPPED	36
2973	RESET	36
1658	THEIR	36
3491	KNOW	35
2454	LOOKING	35
509	APPLE	35
1845	ISSUE	35
1319	LONG	35
2980	USING	34
2907	RIGHT	34
2418	SINCE	34
817	ETHERNET	34
327	MANY	34
265	CANNOT	34
2698	MOST	34
2271	MAC	33
2865	TOTAL	33
1279	ACTUALLY	33
1791	BIG	33
2222	CONSTANT	33
186	COUPLE	32
1996	CONTROLS	32
2581	COMPANY	32
1278	RECEIVED	32
2004	SOMETIMES	32
1992	MIGHT	32
1045	BROKEN	32
2458	THOUGHT	32
3361	LASTED	31
1178	GOING	31
933	KEEP	31
3661	LOOK	31
1782	ELSE	31
2401	DECENT	31
1459	STRONG	31
195	FEATURES	31
1332	DOWN	30
2029	LOT	30
481	FRUSTRATING	30
2912	LINKSYS	30
1578	COMPATIBLE	30
699	HIGH	30
540	FREQUENTLY	29
2719	MAY	29
123	INCONSISTENT	29
3471	ASUS	29
1148	INSTALLATION	29
3378	MAJOR	29
1205	GETTING	29
1590	CABLE	28
673	TECHNICAL	28
2135	WERE	28
3080	BRAND	28
2861	COMPUTER	28
434	WOULDN'T	28
20	CALLED	28
2608	CONTROL	28
134	INTERFACE	27
3609	IMPRESSED	27
3722	DIFFERENT	27
2434	LOSES	27
2908	THINK	27
1877	REBOOT	27
1614	LOW	27
25	ONCE	27
3274	STRENGTH	26
760	VERSION	26
2410	PLAY	26
3374	POINT	26
3779	HALF	26
866	POORLY	26
2269	JOB	26
2166	PURCHASING	26
2882	THOUGH	26
877	OFTEN	26
572	UNSTABLE	26
369	COMPLETE	26
153	NEEDED	25
3684	WASTED	25
401	DUAL	25
3641	INSTEAD	25
162	ALSO	25
2490	GHZ	25
787	BOTHER	25
3112	COST	25
577	ABLE	25
2003	INTERMITTENT	25
1297	WAY	25
2338	REPLACEMENT	25
2887	FAILURE	25
427	AC	25
3713	SEE	25
644	QUIT	24
1949	YET	24
3435	WORTHLESS	24
747	LUCK	24
2890	FINALLY	24
3648	USER	24
1577	UNLESS	24
3503	SETTINGS	24
533	SMALL	24
1458	YEARS	24
2189	BIT	24
3657	MADE	24
3424	ANYTHING	23
686	KEPT	23
1403	ISN'T	23
1003	SECOND	23
3327	RETURNING	23
1875	SLOWER	23
3311	TRY	23
1967	WITHOUT	23
120	SAID	23
2958	LIFE	23
2661	STARTED	23
3259	READY	23
3458	AVERAGE	22
2647	PLUG	22
3034	WITHIN	22
1022	SCAM	22
1629	ROOM	22
3693	GIVE	22
2288	EXCELLENT	22
3169	LIVE	22
1870	US	22
3493	PLEASE	22
807	LIMITED	22
1985	FEET	22
1558	NET	22
1201	DRIVE	22
2957	PORT	22
1424	DAILY	22
3659	ELSEWHERE	22
1434	QUITE	22
3377	UNITS	21
2678	MAKES	21
1874	COMPLETELY	21
456	OLDER	21
1689	30	21
3059	UPGRADE	21
6	LOVE	21
2519	ALWAYS	21
3721	TROUBLE	21
240	SYSTEM	20
2464	OVERPRICED	20
2236	SET-UP	20
766	SMART	20
2954	FAILS	20
190	DOA	20
1479	PROPERLY	20
361	IMPROVEMENT	20
2199	MINUTES	20
1480	90	20
960	ADAPTER	20
3409	OPTIONS	20
2712	MAYBE	20
956	ITSELF	20
1649	PROBABLY	20
3646	OVERALL	20
2605	WHY	20
627	CAME	20
3518	STOPS	19
2387	REASON	19
312	DROP	19
2809	UNABLE	19
2393	ALREADY	19
1823	PAID	19
3107	FAIL	19
1127	REPLACE	19
303	RANDOMLY	19
3412	MULTIPLE	19
2826	THESE	19
368	SENT	19
964	BEING	19
258	AC1900	19
3114	HOPING	19
1928	AWESOME	19
3723	USERS	19
2600	GEAR	19
352	EQUIPMENT	19
1051	END	18
527	EXTREMELY	18
233	WONT	18
2506	SOLUTION	18
555	PROCESS	18
511	HERE	18
2260	DESPITE	18
1725	GAVE	18
1731	WEB	18
2771	THEM	18
2594	GIGABIT	18
2046	SUPER	18
1084	REBOOTS	18
392	LOUSY	18
449	WISH	18
2031	MODE	18
1143	TOOK	18
1370	DD-WRT	18
163	FAULTY	18
3159	UPDATED	17
893	2.4	17
2109	LONGER	17
506	NIGHTMARE	17
939	CAREFUL	17
1995	DOWNLOAD	17
3591	FASTER	17
1907	FOUR	17
410	POTENTIAL	17
3267	N300	17
2006	WENT	17
2471	TRASH	17
1952	IMPOSSIBLE	17
2478	SELLER	17
2963	RECEPTION	17
2253	FIND	17
3078	HATE	17
3312	PRINTER	17
3593	BASIC	17
1382	SEND	17
2359	PHONE	17
1742	EVERYTHING	16
985	LOST	16
3144	YOU'RE	16
2328	REPLACED	16
3123	RANDOM	16
3676	CLOSE	16
2407	FALSE	16
208	CALL	16
3252	GETS	16
2111	RESEARCH	16
1805	CRAPPY	16
3714	LEAST	16
2275	HUGE	16
1217	20	16
1296	NEXT	16
3745	HYPE	16
1567	ORDERED	16
1340	V2	16
2220	5G	16
460	FREQUENT	16
2101	PUT	16
2666	SPEND	15
553	N750	15
1213	DUE	15
3437	LOTS	15
1149	PART	15
2755	ADVERTISING	15
1049	100	15
476	LOSS	15
243	NETGEAR'S	15
744	EXTENDS	15
1760	R7000	15
360	PERFECT	15
2767	ORBI	15
471	MISSING	15
1013	ANYONE	15
1911	DEAL	15
2797	ALMOST	15
3456	SPENT	15
239	CHANGE	15
2145	SUPPOSED	15
1007	REACH	15
2898	AROUND	15
1089	WHO	15
388	ARRIVED	15
1257	SUCH	15
3345	SIGNALS	15
1216	DIDNT	15
3590	DISCONNECTING	15
3283	EXPECT	15
2524	HOWEVER	15
2949	MESH	15
722	REAL	15
2010	SIMPLE	15
601	GUESS	15
2926	TECHNOLOGY	15
2138	YOURSELF	15
1167	REQUIRES	15
2571	COMCAST	14
989	FACTORY	14
2901	MINE	14
3353	LAPTOP	14
1582	FIX	14
626	HOUR	14
2541	LATER	14
3565	SAY	14
1215	DISTANCE	14
407	SAYS	14
2939	ADDRESS	14
3171	POLICY	14
1400	AMAZING	14
782	LACK	14
3207	POS	14
1872	WHOLE	14
2331	INTO	14
3314	PAST	14
1401	MEH	14
2936	MEET	14
1476	CHEAP	14
1233	HELPFUL	13
2744	CONNECTING	13
1891	HOPE	13
323	NAME	13
1718	NEGATIVE	13
2577	STREAMING	13
3120	AGO	13
85	R8000	13
398	THROUGH	13
2560	PASSWORD	13
1536	REFUND	13
22	RESTART	13
1827	WRONG	13
1272	BROKE	13
1775	IP	13
1881	FRUSTRATED	13
3760	INSTALLED	13
587	CONSISTENTLY	13
3462	INITIALLY	13
3054	BRICKED	13
2788	REPEATER	13
1036	CANT	13
366	FEATURE	13
2618	COSTS	13
3768	R6700V2	13
1329	TWICE	13
1015	INCREASED	13
1146	FIGURE	13
1119	LACKING	13
3592	STABLE	13
2840	CHOICE	12
231	FRUSTRATION	12
1862	BELKIN	12
3160	SHIPPING	12
126	FOUND	12
1085	EXPECTATIONS	12
1739	RESETTING	12
685	INITIAL	12
973	OTHERS	12
3467	RUN	12
926	SATISFIED	12
2160	ZERO	12
864	DISCONNECT	12
202	DOESNT	12
2765	STOP	12
3247	HEADACHE	12
3249	NEARLY	12
2642	HOPED	12
237	CLEAR	12
2341	BRIDGE	12
3764	QOS	12
2440	JOKE	12
2846	LATEST	12
3013	POWERFUL	12
2509	MBPS	11
2318	START	11
679	OWN	11
253	CONFIGURE	11
1865	DEFINITELY	11
3639	200	11
105	SIMPLY	11
786	BELIEVE	11
3634	EXPERIENCED	11
3466	BEYOND	11
2681	CURRENT	11
1912	DHCP	11
1580	PREPARED	11
757	TERRIBLY	11
1654	EXCEPT	11
2777	EXTENDED	11
3399	PAIN	11
1754	KIND	11
2041	BANDWIDTH	11
3363	IPV6	11
2800	COME	11
805	INCREDIBLY	11
1028	OPTION	11
3310	BARELY	11
2476	GIVES	11
389	SEEMED	11
2203	RESULTS	11
575	FUNCTION	11
560	SOLD	11
1698	EXPECTING	11
493	INTERMITTENTLY	11
1074	SETTING	11
1116	WHERE	11
2437	THROUGHPUT	11
2420	APP	11
3273	CHECK	11
3044	VS	11
2184	CONFIGURATION	11
2456	MUST	11
1057	AC1200	11
2580	PREVIOUS	10
558	UNDERSTAND	10
999	READYSHARE	10
1641	REQUIRED	10
3088	FRIENDLY	10
2017	N600	10
2856	ANNOYING	10
3206	ABSOLUTELY	10
2204	DIRECTLY	10
2597	TV	10
2667	SAD	10
3083	SERVER	10
1990	FACEBOOK	10
2243	EXTENDING	10
286	OWNED	10
3154	OTHERWISE	10
72	FLOOR	10
589	COOL	10
2766	UNFORTUNATELY	10
3429	LOSE	10
2659	FIVE	10
1951	MANUAL	10
2398	MACHINE	10
1701	MISLEADING	10
2859	USUALLY	10
660	BANDS	10
2183	REBOOTING	10
1544	DESCRIBED	10
351	AVAILABLE	10
642	LOCKS	10
489	MODELS	10
647	GLITCHY	10
1825	LEMON	10
495	ESPECIALLY	10
1237	GOES	10
3668	ABSOLUTE	10
2703	LOVED	10
2159	OPEN	10
3293	CORRUPTED	10
1634	PLAN	10
1102	MISTAKE	10
921	AIRPORT	10
1467	R6300	10
521	DIRECTIONS	10
1502	LINK	10
3188	WARNING	10
3738	LOSING	10
405	LET	10
173	SWITCH	10
494	FULL	9
459	HELPS	9
2396	ISP	9
500	PERFORM	9
3516	I'D	9
3708	COMPLICATED	9
779	SUDDENLY	9
3452	NON	9
3096	CARE	9
104	SENDING	9
824	FAILING	9
3176	R6700	9
2672	SOMEONE	9
62	WALLS	9
1481	POWERLINE	9
836	USEFUL	9
1530	EX6200	9
3198	CERTAIN	9
1528	PORTS	9
2361	CD	9
1651	FUNCTIONING	9
367	CHEAPER	9
861	WASN'T	9
31	ANTENNA	9
2582	LAN	9
995	PER	9
1186	TAKE	9
898	DRIVER	9
1961	UNPLUG	9
1749	STINKS	9
2984	UNUSABLE	9
2867	300	9
2982	AREA	9
2201	QUICK	9
2545	AC2200	9
343	IMPROVE	9
2962	PERFORMED	9
1684	PEOPLE	9
675	UGH	9
363	EXISTING	9
651	MEDIA	9
657	GAMING	9
424	HELL	9
1288	NORMAL	9
2631	NOISY	9
1809	PRIME	9
2423	RECENTLY	9
2610	NEAR	9
581	ITEMS	9
3604	3.0	9
862	GENIE	9
1160	VIDEO	9
844	CURRENTLY	8
1798	CONTINUALLY	8
1242	FOOT	8
2139	VIA	8
1033	ELECTRONICS	8
3696	CONSUMER	8
54	MOBILE	8
2496	DRIVERS	8
2110	OFFICE	8
2231	RADIO	8
2723	DNS	8
1770	UNDER	8
2354	MAIN	8
2536	REFURB	8
36	ANYMORE	8
1024	ADEQUATE	8
1620	FAN	8
1267	CUTS	8
1771	AC3200	8
2549	DESIGNED	8
15	WEP	8
2059	EACH	8
1612	EITHER	8
1191	APPEARS	8
2257	WARNER	8
2259	REGULAR	8
2219	FAIRLY	8
0	THINGS	8
2868	IDEA	8
3227	WOW	8
3094	BEGINNING	8
3558	CYCLE	8
498	STREAM	8
3245	OBTAIN	8
3244	TOLD	8
3279	YOU'LL	8
140	BROADCAST	8
3340	SHARE	8
771	BOOST	8
3614	HIT	8
212	WAN	8
652	WNDR4500	8
3479	PERIOD	8
3417	GOTTEN	8
633	60	8
3392	COMPATIBILITY	8
329	EXTREME	8
433	D-LINK	8
3138	WI	8
3164	15	8
1764	SERIOUS	8
365	EXTERNAL	8
1490	MOVE	8
2806	EH	8
3508	FREE	8
3014	AC1750	8
2772	MEDIOCRE	8
2746	LINE	8
1735	UPSTAIRS	8
1281	STRONGER	7
492	LIMITS	7
2124	PLACED	7
3652	DESCRIPTION	7
1276	FLAWED	7
3451	I'LL	7
3351	COMING	7
3511	FLAW	7
3192	REFUSES	7
2830	WEIGHT	7
3348	MATTER	7
2277	RAN	7
3571	GOOGLE	7
2586	WAREHOUSE	7
2273	EXTENDERS	7
470	MANUFACTURER	7
29	SUGGEST	7
1935	TP-LINK	7
3448	POSSIBLE	7
1931	PERFECTLY	7
2985	ALLOW	7
2466	LASTS	7
285	MISS	7
3422	DUD	7
2968	DELIVERED	7
1001	COMPARED	7
1979	24	7
2961	ADVANCED	7
3419	DISSAPOINTED	7
1587	RUNNING	7
2414	PAPER	7
3414	CALLS	7
2943	TURNS	7
2404	HELPED	7
1351	RIP	7
2400	HOOK	7
2391	NOPE	7
1837	HOPES	7
298	DESIGN	7
941	MAINTAIN	7
2377	STOCK	7
550	INFORMATION	7
1939	SUPPORTED	7
184	YES	7
3394	UPGRADED	7
720	XFINITY	7
338	ONES	7
2750	EFFORT	7
1695	NUMBER	7
2779	EXTRA	7
3309	ARLO	7
1489	HAPPENED	7
386	WHETHER	7
1169	FI	7
3300	SPEAK	7
2211	2.4GHZ	7
2686	2016	7
1250	MARKET	7
795	2013	7
2098	MEAN	7
3257	FLAGSHIP	7
3552	CHANNEL	7
412	CABLES	7
2762	SIDE	7
3644	WN2500RP	7
1535	AWARE	7
418	HOT	7
437	ENGLISH	7
3270	SUCKED	7
50	PAPERWEIGHT	7
2241	FULLY	7
2623	RESETS	7
3717	CASE	7
1263	STUCK	7
1700	MENTION	7
2084	PRINTING	7
801	DATE	7
3222	TELL	7
3331	FORM	6
3677	DIE	6
2130	PRINTERS	6
3057	OWNERS	6
3062	NETWORKS	6
2451	SEEN	6
566	EASILY	6
42	NOTE	6
565	EXACTLY	6
2993	TAKES	6
610	LION	6
2152	IMPROVED	6
3679	GUEST	6
3325	WRITE	6
1209	SERIAL	6
2143	BUYERS	6
41	ENVIRONMENTS	6
76	GLAD	6
1591	CISCO	6
3318	UNDERPERFORMING	6
3420	ADMIN	6
3313	FLAKY	6
3275	DOCUMENTATION	6
1980	8.1	6
1214	LOCAL	6
1005	EVERYONE	6
3007	VALUE	6
344	SLOWS	6
425	SELL	6
1046	CONVINCED	6
1796	50	6
1524	CORD	6
1282	PLACE	6
2216	TODAY	6
439	DESKTOP	6
1829	ONLINE	6
2087	PS4	6
1147	ENTIRE	6
3183	REGISTER	6
1180	YOU'D	6
3230	DISCONNECTED	6
336	PREVIOUSLY	6
1592	SORRY	6
2276	STORAGE	6
3727	RECONNECT	6
2247	WRITTEN	6
463	14	6
3739	DLNA	6
3699	BUG	6
2213	PROVIDE	6
3520	EFFECTIVE	6
547	SHIPPED	6
2362	ZONE	6
464	HAPPEN	6
3254	PROVIDED	6
3393	SLOWLY	6
2015	SITE	6
2209	DOWNSTAIRS	6
3110	FIXED	6
2350	WNDR4300	6
3386	PROBLEMATIC	6
1079	DONE	6
315	BROUGHT	6
3385	EXPECTATION	6
3742	HAVEN'T	6
1088	TURN	6
196	X4	6
1766	AC750	6
2565	SOUNDS	6
2950	DIFFERENCE	6
650	VPN	6
693	ARRIVAL	6
781	BUSINESS	6
1565	SEEM	6
2548	FUNCTIONS	6
2611	HOLD	6
101	HASSLE	6
3660	PICK	6
951	CREATES	6
3494	PRICED	6
2503	PIECES	6
3447	MID	6
2617	EARLY	6
3658	THAT'S	6
3632	VIDEOS	6
1777	EDIT	6
3775	SLOWED	6
1465	SOLID	6
1745	OFFLINE	6
2799	PLUGGED	6
1888	WEEKLY	6
677	RMA	6
2893	DURING	6
742	RELEASED	6
2525	ROBUST	6
2769	UNHAPPY	6
2530	ACTUAL	6
2651	STABILITY	6
2794	FANTASTIC	6
728	R6300V2	6
1647	LIVING	6
3664	HONOR	6
788	2015	6
1765	TROUBLESHOOTING	6
1773	EPIC	6
1923	DEPENDS	6
108	SHOWS	6
2843	LARGE	6
3455	EX7300	6
2828	WAITING	6
891	ERROR	6
2966	DRIVES	6
2553	CONDITION	6
823	CENTURY	6
936	HORRENDOUS	6
1748	PLEX	6
2965	RATHER	6
2824	LAPTOPS	6
2587	TRUE	6
248	DISSAPOINTMENT	5
2230	CAMPER	5
2822	GRADUALLY	5
1111	1750	5
2599	BEGAN	5
902	ANTENNAS	5
2221	CUTTING	5
2572	IFFY	5
2573	FEEL	5
1808	NETGENIE	5
1258	DEFAULT	5
1491	GREAT...WHEN	5
1378	NOISE	5
3457	NECESSARY	5
3737	MODEMS	5
2827	EXECUTION	5
9	IM	5
1653	LATENCY	5
1259	COUNT	5
1473	DISSAPOINTING	5
236	CAUSED	5
474	ULTIMATELY	5
2252	LEAVES	5
1483	V1	5
1699	REPUTATION	5
1389	BUGS	5
357	CAUSES	5
1540	HOMES	5
391	INBOUND	5
1814	DIRECT	5
3299	SHOPPING	5
113	KILLED	5
784	PASS	5
3637	LIFESPAN	5
819	AGAINST	5
3302	CONCEPT	5
1238	TON	5
1861	QA	5
2141	OUTDATED	5
1630	FINICKY	5
376	COMMON	5
2702	SELLING	5
3783	WORDS	5
40	PLAGUE	5
2119	SWITCHED	5
107	UNSATISFACTORY	5
1816	OVERHEATS	5
102	APARTMENT	5
3530	SHARING	5
3286	FIXES	5
772	TESTED	5
3482	PERFORMS	5
758	CRASH	5
3339	QUICKLY	5
3720	BECOMES	5
1488	ADVERTIZED	5
3354	UPON	5
1873	KEEPING	5
3556	FUNCTIONALITY	5
3506	OPINION	5
1247	BECOME	5
1813	FORGET	5
838	BOOSTER	5
3269	LOWER	5
1246	PROVIDES	5
214	FUNCTIONAL	5
776	CAVEAT	5
1761	LOAD	5
1437	NEWER	5
3334	XBOX	5
2169	TRUST	5
1174	IMPRESSIVE	5
586	DELIVER	5
3103	SKIP	5
2955	KINDA	5
2424	PROMISED	5
1790	REQUIRING	5
2425	ON/OFF	5
77	EVERYDAY	5
68	PROMISES	5
2429	JANUARY	5
3445	WARRENTY	5
682	DOUBT	5
2357	IMMEDIATELY	5
288	CIRCUMSTANCES	5
3434	FALLS	5
1833	MISREPRESENTATION	5
3102	FREEZES	5
1994	SHOULD'VE	5
539	RECOMEND	5
1310	AV	5
1554	NEWLY	5
125	IMPORTANT	5
2372	CRASHES	5
2497	RELIABLY	5
666	CONTINUOUSLY	5
3602	SSID	5
3069	ALONG	5
1664	LISTED	5
2394	PROMISING	5
945	FELT	5
88	DISC	5
3595	X10	5
958	INCREASE	5
1944	STAND	5
127	JURY	5
3687	FUNNY	5
3428	HARDWIRED	5
1313	CREATE	5
3011	KIDDING	5
1027	NON-EXISTENT	5
1362	OPENED	5
920	FILES	5
1098	FAULT	5
2555	BROWSING	5
3162	SINGLE	5
981	SAVING	5
1840	MASSIVE	5
2320	STEER	5
18	WAIT	5
2326	HEADACHES	5
1964	X6	5
1917	WNR1000	5
917	THINKING	5
2558	DEGRADED	5
695	SPECIAL	5
1280	FILTERING	5
148	WIN10	5
1977	WANTS	5
2019	REGRET	5
3613	PERHAPS	5
2439	TEAM	5
974	RUNS	5
2872	FOLLOWED	5
2994	STARTS	5
2033	SOLVE	5
2974	HE	5
1106	SO-SO	5
2996	PRIOR	5
1993	EXTENSION	4
1339	COMPARISON	4
3526	40	4
213	WEBSITES	4
3495	WNDR3400	4
1417	BANDWITH	4
3446	AIRPRINT	4
1983	COMPONENTS	4
3320	MOVED	4
273	LOG	4
1981	BLOWS	4
1557	TRI-BAND	4
282	ORDER	4
1659	NETFLIX	4
1970	DELIVERS	4
259	FIGURED	4
3484	UTTER	4
294	SAMSUNG	4
3410	EXCHANGE	4
235	LOOSES	4
24	WPS	4
14	CONSIDERING	4
2020	REQUIREMENTS	4
311	1/2	4
1903	BREAK	4
2079	ONGOING	4
1292	GIVING	4
3376	DECIDED	4
345	PURPOSE	4
1843	12	4
3366	INDIA	4
2049	AC2350	4
3453	STEADY	4
1365	INCLUDED	4
2057	LIST	4
3522	HIGHER	4
1930	PROVIDERS	4
3469	HANG	4
346	ESTABLISH	4
3725	RELATIONSHIP	4
1998	LIMITATIONS	4
3337	SPOT	4
1869	SQ	4
1249	SIGHT	4
2001	USAGE	4
3490	FREQUENCY	4
3407	PAYING	4
221	SERIOUSLY	4
3475	CRACKED	4
37	THANKS	4
2005	ETC	4
3403	WHENEVER	4
3397	WIRELESSLY	4
2009	DRAGS	4
1255	USUAL	4
1932	COSTLY	4
1341	AT&T	4
3170	MANUFACTURERS	4
3682	LIGHT	4
131	KICK	4
997	NOTICED	4
1509	MOSTLY	4
992	LEVEL	4
1734	OUTAGES	4
616	25	4
2988	ERRATIC	4
2459	13	4
2983	ASSISTANCE	4
2436	SIZE	4
2977	COAX	4
968	TRAVEL	4
1461	BREAKS	4
1463	UI	4
2495	TYPICAL	4
2504	1-2	4
2942	PRICEY	4
3005	150	4
3015	BLOCKING	4
1466	CLIENT	4
574	LIKED	4
1722	THROW	4
552	SPECS	4
1042	INABILITY	4
1515	BELOW	4
568	INCONSISTANT	4
1723	SLEEP	4
2133	MARCH	4
1454	DISSATIFIED	4
3021	DURABLE	4
584	THIER	4
3042	WALL	4
3041	INTENDED	4
1456	INCREASES	4
1511	CHARTER	4
3022	18	4
2428	USES	4
2521	FORWARDING	4
2534	TURNED	4
2371	80	4
2670	BULKY	4
3629	WHATEVER	4
2782	UNFORTUNATE	4
2775	INSIDE	4
763	DECIDE	4
765	GLITCH	4
770	COMES	4
846	FASTLANE	4
839	NAS	4
2629	TOPOLOGY	4
2675	UNRESOLVED	4
2758	HANGS	4
2679	CLUNKY	4
2691	HANDLE	4
2695	THOSE	4
794	REASONS	4
1602	SERVICES	4
2633	WAITED	4
870	DOGS	4
681	DOLLARS	4
2860	ROTTEN	4
2538	HEAVY	4
2880	PERSON	4
2544	EMPTOR	4
922	INDICATOR	4
696	BRICK	4
910	PHONES	4
3655	INFO	4
897	WOR	4
871	REBOOTED	4
713	CUSTOMERS	4
1472	RECEIVE	4
2604	CHARGE	4
725	YUGO	4
1755	EMPTY	4
117	COMBINATION	4
2801	JUNE	4
2376	OCCASIONALLY	4
808	CLIENTS	4
548	PUBLIC	4
159	PLASTER	4
2232	LEFT	4
3239	ANDROID	4
455	STEP	4
1141	CENTURYLINK	4
3566	INTERNAL	4
1797	TELEPHONE	4
2250	RESPONSE	4
467	KNOWN	4
1445	STUPID	4
1588	TAKEN	4
3202	CHANCE	4
1121	PACKET	4
1120	AUGUST	4
3575	BASED	4
483	RECOMMENDATION	4
2283	MACS	4
1637	GREATEST	4
1157	SHAME	4
49	CIRCUIT	4
436	150MBPS	4
43	YARD	4
1222	CONSISTENCY	4
3537	BEDROOM	4
3296	WATCH	4
2168	DISAPOINTED	4
1812	2014	4
2172	AUTO	4
3285	ENERGY	4
2186	STAYING	4
2194	FAKE	4
419	STAIRS	4
3262	EVERYTIME	4
432	HIGHLY	4
2208	DESIRED	4
2212	UNACCEPTABLE	4
1704	UNDERWHELMED	4
2267	PROPER	4
491	UTILITY	4
1090	SUCCESSFUL	4
1716	IDEAL	4
1714	UPDATES	4
3697	STATED	4
3135	CONSISTENT	4
3117	ANTENNAE	4
2351	PLUGGING	4
1083	GENERAL	4
2355	HIS	4
518	INFERIOR	4
3106	APRIL	4
2327	BUILT	4
3139	UPLOAD	4
544	MIND	4
3130	APPEARED	4
2363	PRINT	4
2290	INSUFFICIENT	4
1721	FACTOR	4
2322	BUMMER	4
2321	SUB-PAR	4
1522	PATHETIC	4
2364	N900	4
2299	VULNERABILITIES	4
1697	MODERATE	3
1609	SIX	3
1786	BUCKS	3
1644	MIDSECTION	3
1625	WAAAAYYYY	3
1687	WAYS	3
1607	RECEIVER	3
1830	BECAME	3
1769	DISASTER	3
1818	CLOUD	3
1632	BOXES	3
1622	AWKWARD	3
1675	4-5	3
1728	TP	3
1610	PROJECT	3
1793	SWITCHING	3
1747	ATTENTION	3
1677	AGREED	3
1705	QUESTION	3
1792	NON-FUNCTIONING	3
1633	MEDIALINK	3
1676	BIN	3
1733	X8	3
1774	CHARM	3
1750	CRASHING	3
1751	TERRIFIC	3
1648	PLAYERS	3
1752	STAYS	3
1772	GARAGE	3
1636	CERTAINLY	3
1709	802	3
1778	VENDOR	3
1815	AVAILBLE	3
2738	TRANSMIT	3
1854	NEWS	3
1876	UNDERPERFORMED	3
3210	RECOMMENDEN	3
3225	TIRED	3
3240	KNOWING	3
3251	WEBSITE	3
3263	PRODOUCTS	3
3277	FLAWS	3
3288	CAREFULLY	3
3290	SMELLS	3
3292	OUTLET	3
3298	WIZARD	3
3303	PLUS	3
3305	SATISFACTORY	3
3306	FELL	3
3324	MALFUNCTIONS	3
3329	SOMEWHAT	3
3335	SHUTTING	3
3349	CONFIRMED	3
3365	YOU'VE	3
3369	POWERING	3
3379	PRACTICE	3
3383	DDWRT	3
3200	CONSIDER	3
3193	TAG	3
3187	GONNA	3
3092	REBERB'D	3
2989	SHUT	3
2991	CHINA	3
3003	R8500	3
3012	READJUSTED	3
3025	RADIUS	3
3027	MINOR	3
3048	3200	3
3063	CONNECTIONS-RELOAD	3
3077	DECISION	3
3097	OBTAINED	3
3177	DESTROYS	3
3116	PAINFUL	3
3131	CORRECT	3
3133	2X	3
3137	BAR	3
3148	ADDRESSES	3
3157	MANUALLY	3
3161	AP	3
3167	FLOP	3
3174	TH	3
3388	TEMPORARILY	3
3402	CONS	3
3405	BUYIN	3
3690	SADLY	3
3622	SPAN	3
3623	BUDGET	3
3624	PROVIDER	3
3630	BUMPING	3
3638	SOURCE	3
3643	FILTER	3
3645	GREATLY	3
3681	GENIUS	3
3688	OVER-PROMISE	3
3710	FATAL	3
3585	LAG	3
3724	POSITIONED	3
3726	INDIVIDUAL	3
3751	PILE	3
3753	LEADS	3
3754	SUBPAR	3
3762	DETERMINED	3
3770	FRONT	3
3776	PARTY	3
3780	PROXY	3
3610	ADVENTURE	3
3568	KNOBS	3
3415	REALIZING	3
3478	GARANTY	3
3427	REPEATEDLY	3
3430	NETGEARS	3
3431	GIGABYTE	3
3432	MANAGEMENT	3
3433	FAMILY	3
3440	BACKWARDS	3
3461	NEXTGEAR	3
3464	DISCONNECTION	3
3468	SALE	3
3481	RED	3
3562	HASN'T	3
3509	MOVIES	3
3510	MODEM/ROUTER	3
3512	NEWEST	3
3523	FORGOT	3
3531	SOLUTIUON	3
3535	DISAPPOINT	3
3540	DEGRADING	3
3555	1ST	3
3557	COMMUNICATION	3
2987	DIRE	3
2947	3RD	3
2941	REPORTS	3
2281	CORRECTLY	3
2167	FREEZING..NEVER	3
2171	FORWARD	3
2173	1.0.0.38	3
2198	IPHONES	3
2205	HARDWR	3
2224	OUTAGE	3
2237	MESSAGE	3
2239	BUFFALO	3
2249	SPOTTY	3
2287	ROKU	3
2156	RE355	3
2298	TILL	3
2314	REMOVABLE	3
2329	TIME...NOT	3
2366	66U	3
2367	44	3
2368	2.4GB	3
2388	WIRELESS-N	3
2390	CHANGING	3
2405	THROUGHOUT	3
2157	ENJOY	3
2132	COMPUTERS	3
2421	CAUSE	3
2014	RESOLVING	3
1882	GRADE	3
1894	DIES	3
1899	MARK	3
1906	FENCE	3
1909	REDIRECTS	3
1925	CRASHED	3
1950	COMPLETED	3
1954	E-TRASH	3
1999	VERSIONS	3
2016	WIDER	3
2126	SHOW	3
2054	REVIEWERS	3
2060	FRAUD	3
2061	AC750'S	3
2078	GALAXY	3
2082	INCOMPATIBLE	3
2092	HAPPENS	3
2096	HATES	3
2107	OFFSHORE	3
2121	PLAYS	3
2416	ADAMANTLY	3
2435	INADEQUATE	3
2937	SLIGHTLY	3
2807	DIFFICULTIES	3
2734	SPECIFICATIONS	3
2736	INTERFERENCE	3
2740	WARNED	3
2752	INCOMPLETE	3
2754	BRIEF	3
2763	ESTABLISHED	3
2770	INCORRECT	3
2795	PLAYER	3
2798	SPECTRUM	3
2816	802.11AC	3
2694	REPAIRS	3
2825	ACTIVATED	3
2839	CAUTIOUS	3
2842	EXISTENT	3
2844	MANAFACTURE	3
2851	HORSE	3
2870	NOWHERE	3
2891	CREDIT	3
2915	TRAFFIC	3
2931	AWHILE	3
2726	SUPPORTS	3
2688	ADMIT	3
2441	LOOSE	3
2551	WPA2	3
2472	NAT	3
2475	WEIRD	3
2480	EVENTUALLY	3
2486	KNOWS	3
2493	MACBOOK	3
2511	MORNING	3
2518	20MBPS	3
2532	DICONNECTS	3
2550	CONFIGURABLE	3
2562	SPEED/DISTANCE	3
2673	DSL	3
2569	DEFECTED	3
2583	DYING	3
2591	TELLING	3
2615	FIREWALL	3
2639	JURY'S	3
2640	NONE	3
2646	3-5	3
2657	FUTILITY	3
2669	PAIR	3
1603	PREMIUM	3
1893	DOING	3
1601	WALKED	3
998	BASE	3
947	DISSAPPOINTED	3
948	ACCORDING	3
959	TRICKY	3
961	CAMERAS	3
980	ADDS	3
987	SO-CALLED	3
1017	CONTACTED	3
927	SUDDEN	3
1048	CHANGED	3
1054	PERFORMING	3
1055	CONTENT	3
1060	FACT	3
1063	DESCRIBE	3
1086	JAMS	3
929	ALTERNATIVE	3
916	NETWORKING	3
1100	SMH	3
831	RE-NAMED	3
751	2GEXT	3
756	COVER	3
761	SHE	3
799	EERO	3
827	FRO	3
830	1-2MB'S	3
837	TERMS	3
914	DESIRABLE	3
847	FASTLAND	3
848	WONDERFUL	3
858	EHH	3
874	CLOSED	3
890	EXPERTS	3
908	THEY'RE	3
1095	PROVED	3
1113	SORTA	3
745	JC	3
1428	FORUMS	3
1366	AUDIO	3
1367	STANDARDS	3
1383	HARDLY	3
1385	WINDOW	3
1388	ELECTRONIC	3
1419	BARRIER	3
1429	COMCAST/XFINITY	3
1348	LOOKED	3
1450	FT	3
1462	PERSONALLY	3
1471	PRIMITIVE	3
1475	ROOMATE'S	3
1486	REMOTE	3
1487	FORCED	3
1350	PARTS	3
1345	SUPPLY	3
1130	ORIGINAL	3
1219	TIP	3
1133	LOCATION	3
1168	PROXIMITY	3
1175	LIVED	3
1181	RECEIPT	3
1208	SIMPLIFIED	3
1210	DICE	3
1251	INCORRECTLY	3
1338	ROUTING	3
1261	FLAKEY	3
1301	ACCOUNT	3
1307	MARKETING	3
1311	IMPOSSIBLY	3
1314	BAT	3
1320	RESTARTING	3
748	HARDWRE	3
743	DEFECT	3
1498	PROMISE	3
260	HONEST	3
188	EQUAL	3
200	BUILD	3
227	OVERALL...VERY	3
230	WIRLESS	3
252	TWEAK	3
257	175	3
267	REVISION	3
167	THUS	3
271	FW	3
280	D.O.A	3
300	MARRED	3
305	WORLD	3
309	PPPOE	3
318	LIMITED/MARGINAL	3
172	TOP	3
164	BLACK	3
375	DISPOSABLE	3
75	OREGON	3
23	TELECOM	3
30	SYSTEM-CHECK	3
46	HACKERS	3
48	OFF-BRAND	3
65	45	3
74	DISRUPTS	3
95	RANGEMAX	3
151	PLASTIC	3
96	JULY	3
98	IOS	3
99	IDK	3
116	GENI	3
141	LOVE/HATE	3
150	WOBBLE	3
332	BASICALLY	3
417	AGGRAVATION	3
738	SORELY	3
649	EXPIRES	3
583	DECREASE	3
603	BEAUTIFUL	3
607	PACKAGING	3
613	GROUND	3
630	1.0.0.36	3
645	LIKELY	3
654	FAVOR	3
563	UNUSUAL	3
658	HOLDING	3
659	BOTHERE	3
688	TWILIGHT	3
694	HEARD	3
711	PROGRAMMED	3
718	1900	3
569	750MBPS	3
559	UGLY	3
428	BACKUP	3
497	POSSIBLY	3
438	SECONDS	3
448	11	3
452	CYCLED	3
472	5X	3
480	FUNCTIONALLY	3
490	LIES	3
507	TYPES	3
545	PRIMETIME	3
508	OUTSOURCED	3
519	GIVEN	3
525	ATROCIOUS	3
532	WORKS...SORT	3
538	DISSCONNECTS	3
542	TALK	3
1493	LISTEN	3
3785	STICK	3
1508	FIRE	3
1586	RESULT	3
1516	WNDR3700	3
1576	RT	3
1579	LEARNED	3
1569	WESTELL7500	3
1593	ALTHOUGH	3
1560	BEHIND	3
1538	CONCERN	3
1566	CHROMECAST	3
1581	WORKS...BUT	3
3425	NONEXISTENT	2
3426	UNKNOWN	2
2305	HAND	2
2748	ABILITY	2
290	NON-TECHNICAL	2
1112	FEE	2
1650	HOOKED	2
2743	BUM	2
1109	DOC	2
2291	EXHILARATING	2
2292	THRILLED	2
523	DEAR	2
283	BLAND	2
287	TRANSFERRING	2
2295	300MB	2
790	HUNK	2
2296	POINTLESS	2
279	BUTTTT	2
1662	SIZED	2
269	UNACCEPTABLY	2
530	ADVERTISE	2
2251	NOR	2
3459	DEPENDABLE	2
247	3.2	2
1500	INEXPENSIVE	2
2255	CHEATED	2
2256	EXCHANGED	2
250	OK....WI	2
2258	SECURE	2
1626	RISK	2
254	FIELD	2
3439	LOUSIEST	2
255	DECEIVING	2
2263	DAMMIT	2
1627	LIGHTNING	2
2266	TEMPERAMENTAL	2
1129	AV200/XAVBN2001	2
769	IDEA--POOR	2
774	NOICE	2
3442	BRUTAL	2
291	DISAGREE	2
3125	ROOMS	2
2739	MINIMALLY	2
3416	R7500V2	2
2336	OVERHEATING	2
3145	DQOS	2
2343	1080P	2
2344	NEATGEAR	2
2345	WARY	2
2724	REGISTERED	2
2347	REDUCED	2
2348	LIFETIME	2
3146	LOWERS	2
313	VOIP	2
3147	IMPRESSION	2
2352	REESTABLISH	2
809	SURF	2
1067	HDD	2
3151	UP-SELL	2
3381	BURN-IN	2
2716	READYSHARE...DOES	2
1061	IPHONE	2
319	EXPERIENCE-DONT	2
2714	LOUD	2
804	AUTHORIZED	2
1080	COURSE	2
1679	CONTAINER	2
2334	MANUEL	2
293	OPERATION	2
1137	CHOOSE	2
2737	KICKS	2
297	1/4	2
517	TRANSFERS	2
3406	TRANSFER	2
2319	DIASAPPIINTMENT	2
301	CUTOUTS	2
2733	RETAILER	2
2732	WEAKER	2
3401	SECRET	2
3400	UNCLEAR	2
1091	BREAKER	2
1087	MIN	2
1523	NIFTY	2
1082	MBS	2
2330	ALONE	2
3398	UNSUCCESSFUL	2
2730	RANSOMWARE	2
242	WI-FI...BUT	2
1138	EXPIRED	2
2245	SPIKES	2
1194	DECLINING	2
2164	RECONFIGURE	2
2165	NEWPORT	2
1200	MS	2
1199	INCREDIBLE	2
3095	LAME	2
1623	PACKAGE	2
201	GB	2
1196	TURNING	2
204	THIRD-PARTY	2
3507	UNFORTUNEATLY	2
1202	SMARTPHONE	2
2606	ADVERTISED...WITH	2
2176	RENTED	2
2177	BEFOR	2
2179	SONIC	2
3505	RATE	2
3504	LISTING	2
206	RESPECTIVE	2
3502	CUT	2
1189	FUNCTIONED	2
3513	WND3700	2
1203	FIREFOX	2
1673	INFORMED	2
2144	RECONNECTS	2
557	OVERTIME	2
1221	CNET	2
3529	WAST	2
733	REFER	2
735	PUTT	2
2140	BOTTOM	2
183	TABLET	2
3525	PFFF	2
3524	AMCREST	2
1589	APPLE'S	2
2158	FERRARI	2
2147	YEAR...WISHED	2
2803	PARAMETERS	2
554	ATTEMPT	2
2151	CONFIG	2
3517	PICKY	2
2154	LOADS	2
2155	UNFORTUNEATELY	2
737	OUTPERFORMED	2
3515	WND4300	2
2185	ISSUE.....BE	2
2187	INVESTMENT	2
1058	FARTHER	2
2778	CREATING	2
2217	STEAM	2
3105	STABLITITY	2
1563	1.12.0.18	2
3483	RATTLING	2
1156	MACHINES	2
2780	OUTPUT	2
750	ENVIRONMENT	2
2225	ARC	2
225	SHELF-LIFE	2
1624	UPSET	2
2215	TABLETS	2
1154	ELECTRICITY	2
3474	BUY...I	2
3472	WAKE	2
2774	SPENDING	2
535	SOOOOOO	2
2238	NEITHER	2
753	RETURNS	2
234	PERIODIC	2
238	TEN	2
2784	CENTER	2
1166	YOUTUBE	2
1674	OCT	2
215	FORMALITIES	2
1185	GAME	2
1561	TOOLS	2
2191	ENGINE	2
3099	1-HOUR	2
1184	RELY	2
1183	SQUARE	2
2196	HANGING	2
3496	LEARN	2
2790	DSL/CABLE	2
2200	COAXIAL	2
1713	FURTHER	2
1179	WIN	2
2202	PANACEA	2
1177	INTERRUPTS	2
3100	MYBOOK	2
1562	UNUSEABLE	2
3489	SACRIFICING	2
1172	MOENY	2
1171	USEFULNESS	2
3488	DEALER	2
2365	CHEESY	2
321	WASNT	2
1056	12-YEAR	2
2531	ALLOWS	2
415	PLUGIN	2
3272	BUTT	2
475	CAMERA	2
937	V8	2
416	RENDERS	2
2527	S8	2
1638	ADDITION..WITH	2
2529	ATTACHMENT	2
935	EXPERIMENT	2
3201	DRECK	2
477	UPGRADES	2
473	DANGLING	2
2535	NOTIC	2
3265	2.4G	2
930	HUH	2
3264	STORY	2
2539	REMOVED	2
2540	INNOCENT	2
421	APR	2
2542	REPACKAGED	2
942	REALIZE	2
3197	R4300	2
924	CLEARLY	2
478	ACTIVATE	2
3297	UNIMPRESSED	2
395	BRIDGING	2
955	LITERALLY	2
2655	APT	2
2654	TPLINK	2
2500	EMOTIONS	2
2652	CYCLING	2
950	IGMP	2
949	RESOURCE	2
1539	N150	2
3278	FIBER	2
3194	NETGEAR-FIOS	2
2508	SPACE	2
2649	DRY	2
2510	TOWNHOUSE	2
2648	RUBBISH	2
3282	ROLL	2
857	FADES	2
1686	OUCH	2
3195	LOVE[D	2
2635	67	2
2546	STATION	2
3086	THEORY	2
1642	BROTHER	2
1542	BUILTINGS	2
875	DM200	2
3235	AWRSOME	2
3234	DISCLOSURE	2
889	TRUTH	2
888	WORKED...POSSIBLY	2
3232	HAT	2
2589	SINGLE-FAMILY	2
2590	MOTOROLA	2
2614	BUFFERING	2
2619	LARGER	2
2613	MEGA	2
454	NIGHTHAWK'S	2
3226	PHYSICAL	2
2612	CONFLICTED	2
2598	SCREWS	2
884	CAVEATS	2
3217	DOOR	2
2609	JUST...DISAPPOINTED	2
880	SEPARATE	2
895	SATELLITE	2
896	WOTK	2
2634	COMPLIMENTARY	2
430	SEVERELY	2
919	EDITED	2
918	RELATIVELY	2
1691	CAFEFUL	2
3258	DISPLACES	2
1690	2000	2
1639	PRESSING	2
912	DEC	2
2556	ATTACHED	2
3256	DISHONESTY	2
2632	AFTERNOON	2
1574	MISSES	2
2563	FEES	2
440	DO-OVER	2
2627	MIXED	2
2625	NOTICE	2
903	KIT	2
873	DOWNLOADED	2
2621	2-3	2
2574	SOMEHOW	2
3241	64	2
2487	ROUTER--NUMEROUS	2
390	SHORTER	2
3185	REPLACEMT	2
3166	PROTECTION,ETC	2
334	AMP	2
1029	THIRD	2
3352	PRONE	2
335	ACTION	2
1025	OS	2
3350	PAINT	2
2409	SOON	2
1023	MANUFACTURER'S	2
3163	SITUATION	2
2693	SUBNETTING	2
1032	TITLE	2
2417	MANUFACTURED	2
1019	BLAZING	2
3343	EVER/UNRELIABLE	2
3342	SHIBBY	2
1016	802.11	2
2422	SCHEDULE	2
1680	GUI	2
1012	RT-AC68U	2
347	PATCHED	2
333	SNAIL	2
2399	ROUTER!...BUT	2
3301	WORRIED	2
2381	100MBIT	2
2369	BUMMED	2
1053	CAPABLE	2
510	INDICATE	2
3372	OVERSEAS	2
2375	STUFF	2
2710	SOONER	2
813	CRIPPLED	2
2379	PURCHASERS	2
2380	PHOOEY	2
2707	AREAS	2
3358	HOOKUP	2
2383	HELPING	2
1047	TRI	2
3367	BUYT	2
3364	TROUBLED	2
1041	GENERATION	2
814	SECTION	2
815	900	2
2700	ENDED	2
2395	CODE	2
2426	SHINE	2
3168	PROD	2
1010	SUSPECT	2
1575	WAP	2
983	2/22/2017	2
3178	SEEMINGLY	2
841	SHODDY	2
3317	ROUTER-5G	2
842	LOCKED	2
2463	10YR	2
843	2.0	2
978	WRT54G	2
2467	6-MONTH	2
977	IE	2
1008	SONOS	2
976	SYNOLOGY	2
378	SCHEDU	2
1543	ADEQUATELY	2
2474	KNEW	2
1685	OVERNIGHT	2
3308	SQUARETRADE	2
3304	RT-N66U	2
2481	CABLED	2
2663	WANTING	2
371	DESERVES	2
487	RELEASES	2
988	PREFER	2
2453	CONTACTING	2
2430	CORNERS	2
828	MINUTE	2
3336	SOSO	2
1006	V1.0.2.46_1.0.97	2
1004	DEAL-BREAKER	2
2687	ADDED	2
2438	LINUX	2
1645	DANGEROUS	2
2684	BEAUTIFULLY	2
3173	COMPARE	2
2443	WORKAROUND	2
2444	VERSION1	2
355	WINDOWS8	2
1682	PREMATURE	2
2680	GUY	2
488	POINTED	2
2449	APPLICATIONS	2
364	PI	2
3323	FILE	2
1225	SICK	2
1193	FACE	2
2131	SAMBA	2
1363	PAINFULLY	2
1439	IMMATURE	2
3036	MINIMAL	2
1947	GAINING	2
1440	HATED	2
1604	SON	2
3649	GOATS	2
3752	PLEASED	2
1804	WHATS	2
2885	IT-WOULD	2
1347	OPENDNS	2
1953	HOME/PERSONAL	2
3039	TAKING	2
1613	HOUSEHOLDS	2
1727	AUTOMATION	2
1594	30MBPS	2
3642	95	2
1344	DISLIKE	2
1945	SCREWED	2
1353	EXPERIENCES	2
3653	PREVIOSLY	2
1355	PROOF	2
82	GIGADROPPED	2
593	REGARD	2
3029	SNAP	2
3030	THEREAFTER	2
3663	LIMIT	2
3662	IMAGINABLE	2
1433	SORTS	2
1435	APPARENTLY	2
2889	802.11AX	2
89	MONTHS-HORRIBLE	2
90	MESS	2
1436	REPLACING	2
1227	MALFUNCTIONING	2
3749	OCTOBER	2
1810	NOVEMBER	2
3035	INCOMPATIBILITY	2
2881	THO	2
106	1.5	2
618	EQUIPPED	2
639	JAN	2
3625	SATELLITES	2
12	SCOTT	2
622	30FT	2
1988	CONTINUING	2
122	MONTHS-OPENED	2
1844	70	2
1991	110	2
1324	WI.FI	2
1327	PERMANENTLY	2
1323	BITTEN	2
580	OPTIMUM	2
3620	DATED	2
697	SEARCHING	2
3049	MONTHS......THEN	2
1318	MAX	2
2866	NUTS	2
3626	ADVERTISEMENT	2
13	TREAT	2
3756	HIM	2
3635	RESTRICTED	2
109	DISCLAIMER	2
690	SUPPOSE	2
2879	LEASED	2
1337	CONFIGURED	2
1968	149	2
3636	BUREAUCRATIC	2
1336	CONVOLUTED	2
3757	DISK	2
1982	AMBER	2
1973	NON-WIFI	2
2876	OPENWRT	2
2875	IT'LL	2
1333	OFFICIAL	2
115	GREAT...FOR	2
691	WR1000	2
2956	LOCKING	2
1926	SITES	2
3746	MAINTENANCE	2
2864	AMOUNT	2
1661	FIRMWHERE	2
2925	DATASETS	2
1506	INDICTED	2
3712	RASPBERRY	2
2924	159	2
1868	20-25	2
3008	ASSIGNING	2
2922	DUAL-BAND	2
1871	MOODY	2
1396	UNBEARABLE	2
1395	INTENTION	2
57	MENU	2
3009	ENDLESS	2
2935	CHECKED	2
2918	PARTICULARLY	2
661	PEICE	2
3703	MYSTERIOUSLY	2
3702	2006	2
1864	CONCERNED	2
1863	ORDERING	2
1404	EARNED	2
1660	NAIL	2
1415	RETROSPECT	2
663	RESERVATIONS	2
1847	GROSSLY	2
1841	NORMALLY	2
35	HASSEL	2
34	ABSURDLY	2
1850	UNDEPENDABLE	2
1853	ADD	2
1405	DISGUST	2
1408	WARN	2
3718	APPARENTELY	2
1418	FNE	2
3716	SITS	2
1858	FALSELY	2
665	X1	2
53	WINCE	2
3701	STRAIGHTFORWARD	2
3700	CONTINUOUS	2
1883	PESSED	2
1916	ADVERTISED...SORRY	2
3740	BETWEEN	2
78	RETURNABLE	2
596	RESEARCHED	2
1555	STATE	2
1913	SOMTHING	2
1914	PC	2
2903	CONNECTS	2
3743	BASIS	2
2909	LAPSES	2
1730	INDEFINITE	2
3023	1/3	2
3674	HUNGER	2
3744	SUIT	2
3673	TERM	2
3024	PERMANENT	2
3671	SUSPECTS	2
3019	99	2
3017	LAGGING	2
1884	VERIZON	2
3692	EXISTENCE	2
3731	READSHARE	2
3698	NON-EXISTANT	2
60	SERVICE/PRODUCT	2
1384	PAGE	2
3694	MOVIE	2
1608	BAD...BUT	2
1732	WNDR4500V2	2
66	IT...BUT	2
1376	SESSIONS	2
668	IMPROVING	2
3689	KBPS	2
3735	NETFAIL	2
3686	SAYING	2
1380	GUIDE	2
2911	CLAIMS	2
1426	EVERYWHERE	2
3765	AUTOMATICALLY	2
1325	CRAZY	2
623	GREATNESS	2
2071	120	2
2073	OFFERS	2
2074	FAST...GREAT	2
155	IGNORE	2
1485	FASTEST	2
3070	USED/RETURNED	2
1763	HIDDEN	2
158	5-6	2
2834	MARGINALLY	2
3567	BADLY	2
2833	CATTLE	2
2832	UNSUPPORTED	2
3071	N760	2
3563	STORE	2
2829	THRU	2
2978	ABOVE	2
1254	FRESH	2
1253	4G	2
2838	TOMATO	2
1484	ASSIGN	2
1657	PRO	2
714	LACKLUSTER	2
2056	R6300V2(YELLOW	2
1274	RT-AC3200	2
2058	FINISH	2
3583	AGGRAVATING	2
634	MEMBERS	2
1271	GAMBLE	2
1270	FRAGILE	2
1315	LAUGHABLY	2
1670	BOARD	2
3581	VARIABILITY	2
712	THERE'S	2
2841	FLASHING	2
3578	35	2
1767	A)DARN	2
1482	SURPRISED	2
3577	STAFF	2
2068	TRULY	2
3	HUSTLE	2
1759	DESCRIPTIONS	2
1252	INCOMING	2
168	99.97	2
1753	CLOCK	2
3544	WORK...SSID	2
2117	APPROXIMATELY	2
1495	TEC	2
2975	HUNG	2
1497	LAGGGG	2
1501	SUMMARY	2
1621	NICELY	2
2122	16	2
3084	DETERIORATION	2
2813	2ND	2
174	PLACEMENT	2
2812	POSTED	2
1655	PENETRATION	2
3534	VOLTS	2
1499	MATERIAL	2
179	AFTERWARDS	2
727	BREAKERS	2
1494	ACROSS	2
2113	AIN'T	2
171	MUBAI	2
169	SAVES	2
3075	CISCO/LINKSYS	2
3554	INVALID	2
1244	INDIFFERENT	2
1243	UPS	2
3076	ASK	2
1241	CLAIMED	2
2103	POOH	2
2112	TOTALLY	2
723	WARRANTEE	2
2106	SOLVED	2
1758	BATTLE	2
2970	MOUNTAIN	2
1239	PRE-RATIFIED	2
1236	REFUSED	2
2820	REGULARLY	2
1275	SIGNAL/LOSES	2
2934	REQUIRE	2
3611	SIGN	2
1517	SURFING	2
3771	LIGHTS	2
2854	CONECTION	2
1460	DUST	2
3052	SEARCH	2
1788	RECOGNIZED	2
3051	RATING	2
638	WA	2
7	TRIES	2
1293	SERVING	2
636	MULTI-LEVEL	2
2030	PERSIST	2
1302	HUSBAND	2
2028	OCCASIONAL	2
1295	WHAREHOUSE	2
2012	FAST...WHEN	2
132	SUPORT	2
1785	BUTTON	2
2857	CONCERNING	2
1478	13TH	2
3603	TV'S	2
2024	ISNT	2
2023	DOWNLOADING	2
2022	EXPRESS	2
136	ISSUES...WHY	2
1305	ROUTEE	2
3774	LASER	2
1451	BOOSTER/EXTENDER	2
635	FOUL	2
3058	CHAT	2
1776	HEN	2
1308	VULNERABILITY	2
3612	ROUTER!...AT	2
128	10-20	2
1312	CAUSING	2
3064	CHECK-IN	2
1741	PENNY	2
571	SUBSTANDARD	2
3061	WALK	2
701	FIT	2
2048	REFUNDING	2
5	CHANGES	2
147	NETGEAT	2
1285	YUCK	2
1740	AGREE	2
3060	SPORADIC	2
1470	GONE	2
707	TERRIBLE...JUST	2
144	WHEN'S	2
3594	INTERMITTANT	2
142	APPLY	2
3596	AWEFUL	2
2039	21	2
2960	COMPLEX	2
1289	SYNONYM	2
2037	GRADUAL	2
1469	CLUELESS	2
2036	MISLEAD	2
1468	GAMES	2
576	HOPEFULLY	2
2018	REIVIEWS	2
624	PERPLEXED	1
3204	MANAGED	1
2990	ON-LINE	1
3190	THUMBS	1
462	VIRTUALBOX	1
3189	EXPERIENCE...AND	1
2981	INTEGRATING	1
1572	1900AC	1
468	FIXABLE	1
3205	JUST...NOPE	1
484	SLOOOOOOOW	1
3186	WTH	1
1573	IMMEDIATE	1
3000	VENDORS	1
2976	6700V2	1
3208	KNOCK	1
3213	BACKED	1
614	X4S	1
3199	HIRE	1
615	HANDS	1
612	INPUT	1
611	METHODS	1
3214	NAME/ADVERTISING	1
2995	LETTING	1
3203	BLOCK	1
3212	BROADCASTING	1
609	TVS	1
3211	SHORTLY	1
2997	ALARM	1
617	CELLS	1
2979	COMPLICATIONS	1
466	ORDINARY	1
2986	PNG/MS	1
2998	NEBOR'S	1
2999	VIRTUE	1
479	25MBPS	1
3209	FIRSTFAST	1
619	SHOT	1
3001	ACTIVELY	1
3215	TAD	1
621	NODE	1
625	CHALLENGES	1
3191	GIAN	1
3196	DEFAULTS	1
3032	UNHARNESED	1
3002	OVERRATED	1
3184	SUGGESTIONS	1
534	HMMMM	1
3113	DEADLINE	1
1564	FROM\TO	1
3115	RE-INSTALLING	1
531	ROUTER(WNR3500	1
578	N/G	1
3056	HELD	1
3055	43	1
579	AD7200	1
3118	BUENO	1
3119	DETECT	1
529	KICKING	1
3121	DOOMS	1
3053	75-AND	1
3122	HI	1
528	INSANE	1
3124	PATIENCE	1
3126	PARENT	1
3127	SHAPE	1
3128	VIOLATED	1
3129	OVERSEA	1
526	PERSONNEL	1
3132	AMD	1
524	ISSUE*--LOCAL	1
3050	DATA	1
522	NETWORK(S	1
520	COMMUNICATE	1
536	MINDS	1
3109	EXPIRATION	1
3108	ACCEPTING	1
564	KIDS	1
556	MIG	1
3089	FORMAT	1
561	INCLUDE	1
3082	GREATER	1
3090	LED	1
3081	FOR...POOR	1
551	TICKING	1
562	NON-EU/UK	1
3079	ASIN:B00FB45SI4	1
3093	E-MAIL	1
1656	BURNED	1
549	SAM	1
546	CABLE-BASED	1
570	WORK...BAD	1
3074	ANCIENT	1
3073	UPSELL	1
3072	BLOW	1
3098	BUNCH	1
567	IDENTITY	1
3068	PRACTICAL	1
3067	GAMBLER	1
3101	INTERMITTINGLY	1
543	REPRESENTATION	1
3104	OBVIOUSLY	1
537	APOLOGY	1
3065	WORK/NO	1
582	WIDE	1
3046	REPRESENTATIVE	1
515	GEN	1
3172	CLASS	1
3020	SUPPLIER	1
3018	REORDER	1
501	COVERS	1
3165	U-VERSE	1
499	PRODUCT=DO	1
3016	SLEEK	1
597	OPTIC	1
598	JOY	1
599	SHUTS	1
1646	DISSAPPOINTING	1
600	VISUAL	1
496	WPA	1
1559	MANUAL/NETGEAR	1
502	TROUBLES	1
3010	PROGRAM	1
3175	IPAD	1
486	CUTTIN	1
3179	CONNECTILE	1
605	EVIDENTLY	1
3180	DISAPOINTMENT	1
3006	CONNECTIONS...FOR	1
3004	HTTPS	1
608	50MB/S	1
3181	IMHO	1
3182	THEPRUNEDANISH	1
485	JUDGMENT	1
595	PS3	1
503	COVERED	1
514	CUSTOMIZABLE	1
3150	AD	1
3045	METAL	1
3141	UNRESPONSIVE	1
3043	ANSWERED	1
585	WF	1
3142	CONTAINED	1
3143	FOLLOWUP	1
513	STRONGLY	1
588	DISCLOSED	1
3040	RIP-OFF	1
512	MATCH	1
3149	SCHOOL	1
3038	IDENTIFIED	1
3037	DFS	1
504	DUES	1
3152	FAILURES	1
590	SAW	1
591	PRODUCT'S	1
3153	SMELLING	1
1568	HIRES	1
3031	DUMB	1
3156	SCRATCHED	1
3028	WRT	1
3026	WASTING	1
3158	SLOW--YOU	1
594	FRITZ	1
505	UNDECIDED	1
3218	REPLOACEMENT	1
1746	ALLSHARE	1
3219	DELEGATION	1
1617	IDIOT	1
138	DELIVERY	1
3601	HARED	1
3600	ME--MAYBE	1
139	MONTH....BUYER	1
3598	ENGINEER	1
1616	HENRY	1
145	COMPARING	1
146	BOOK	1
3589	CONFUSED	1
3587	ND	1
461	SOMEDAY	1
3586	VERDICT	1
1618	DELL	1
3584	DISASTROUS	1
3582	SUPPORT/RETURN	1
3580	REVIEWED	1
3579	NON-EFFECTIVE	1
152	BOOT	1
154	FINEST	1
3574	CAPACITY	1
135	PCS	1
3606	MYSELF	1
133	WIN7	1
3608	ADHERES	1
110	OLE	1
111	IAM	1
112	MEDIOCRITY	1
3633	50.00	1
114	DIFFRENCE	1
3631	DAMN	1
1615	CHOKES	1
118	FRAME	1
3627	CRUD	1
119	INVESTING	1
121	DISKS	1
3621	GAMERS	1
3619	ROOF	1
3618	WONDER	1
3617	LOCATED	1
3616	TECHIE	1
3615	ROUTER--THIS	1
129	DLINKS	1
130	EXPRESSMEDIA	1
156	UNCOMPATIBLE	1
157	GIFTED	1
3570	HELPER	1
3536	RETRANSMITS	1
180	BECAUSEI	1
181	REPLACEMENTS	1
182	110V	1
3528	TREATED	1
3527	BLOATED	1
185	SHARED	1
189	REFURBISH	1
191	SHOOTING	1
193	DROOPS	1
194	MIDDLE	1
197	DISH	1
3514	INTERFERE	1
198	1994	1
199	RADIOS	1
205	COUNTRY	1
3501	50MB	1
207	ROUTER.....TERRIBLE	1
3499	CONSIDERABLY	1
3498	EX6100	1
176	CORRUPTION	1
3538	TOAST	1
160	ZIGBEE	1
3539	DECIDES	1
161	ANNOYANCE	1
1619	PUSHY	1
3564	BLAH	1
166	EXISTS	1
3561	LESSON	1
3560	PREMATURELY	1
3559	GORGEOUS	1
170	FLAWLESSLY	1
3553	INTERNAT	1
3551	DEPENDABLE..NOT	1
3550	UNNECESSARILY	1
3549	EASIER	1
3548	11AC	1
3547	HARD-CYCLES	1
3546	19	1
3545	UNFRIENDLY	1
3543	SUPPORTING	1
3542	SIGNIFICANTLY	1
3541	PICTURE	1
103	HARDCOPY	1
100	WITCH	1
97	ADDITIONAL	1
21	RUINED	1
3748	NETGREAWIRELESS	1
3747	TIME--DON'T	1
26	GAIN	1
27	FIGHT	1
3741	DLINK	1
28	INTERLACED	1
1605	UNINSTALLER	1
32	ACCESSORY	1
3736	HOST	1
3734	COSMETIC	1
3733	BEYER	1
33	CPU	1
3730	RESOLVE	1
3729	MANAGES	1
3728	MISREPRESENTED	1
39	OBSOLESCENCE	1
44	UNBELIEVABLY	1
45	AMNESIA	1
1606	RME	1
3750	MILES	1
19	ATT	1
1599	RE-START	1
3755	QUITS	1
3784	ADSL	1
2	JUNKY	1
3782	VIRTUALLY	1
3781	WHEELS	1
4	NEEDING	1
3778	EXPECTRED	1
3777	WHLE	1
3773	N450	1
3772	ASSUMED	1
8	APPROPRIATE	1
3769	V3	1
10	MANUFACTURING	1
3767	CRASH'S	1
3766	REPRESENTED	1
11	PRODUCES	1
3763	DOWNLOADS	1
17	MONITOR	1
3759	MAZE	1
3758	OKAYY	1
47	BEWARE--INEXPENSIVE	1
3719	HORRIFIC	1
3647	PRODUCR	1
3678	ROUTRE	1
81	RAY	1
3675	1000SQ	1
3672	SIMILAR	1
3670	AVERAGING	1
3669	YESTERYEAR	1
3667	RESTRICTIONS	1
3666	SHOWN	1
83	PRODUCED	1
84	CONDUCTS	1
86	ANTIVIRUS	1
91	WI-FFI	1
93	ORDERS	1
3656	IMPLEMENTED	1
94	SUCCESSFULLY	1
3654	TOWN	1
1596	NARROW	1
3651	SPECIAL...DEFINITELY	1
3650	CENTS	1
1595	COSTUMER	1
80	BELIEVED	1
3680	ACCIDENT	1
52	8-13-15	1
1597	FLAT	1
3715	C/S	1
55	COVERING	1
3711	SPENDS	1
56	HIGHEND	1
3709	RESENT	1
3707	ACT68U	1
58	OCCUR	1
3705	SAVER	1
3704	SIGHTS	1
59	EXPERIENCING	1
61	LEGITIMATE	1
63	MANUFACTURE'S	1
67	SOUNDED	1
69	ULTIMATE	1
70	HIGH/RESULTS	1
3685	BLAME	1
71	BRIEFLY	1
73	HOOTERVILLE	1
1598	3BDRM	1
209	SMOOTH	1
210	250MBS	1
216	PATTIO	1
372	IPADS	1
3315	PLAUGED	1
373	NLOT	1
374	CONTINUED	1
379	FLUCTUATIONS	1
381	RELEAESED	1
3307	TASKS	1
382	CRAP/DON'T	1
383	LONG-TIME	1
384	SOMEWHERE	1
385	DINKED	1
387	BRO	1
394	FORM-FACTOR	1
3295	RANCH	1
3294	DESPERATE	1
396	CONNECTIONTHRPUGHOUT	1
397	UPDATING	1
3291	CAUTION	1
399	CHEAPEER	1
3289	TRAP	1
3316	STAMPED	1
3319	COLLEGE	1
3287	EGG	1
3321	GIIVE	1
3347	DUDE	1
3346	TONS	1
340	352	1
341	VOILA	1
3341	WI-F	1
348	TALE	1
3338	5.0	1
349	SOMEBODY'S	1
350	ALMOND	1
353	RE-CONNECTS	1
3333	SKETCHY	1
3332	RBS50	1
354	JUSTIFY	1
3330	THANKFULLY	1
358	DIRECTS	1
359	LASRED	1
3326	DEPENDABLE....JUST	1
362	ALOT	1
3322	CLUMSY	1
400	FUTURISTIC	1
402	SMUDGED	1
337	SEAGATE	1
441	TORCHED	1
442	ODDS	1
443	REPURCHASE	1
445	APOLOGIES	1
447	MAGICAL	1
3243	QUIET	1
3242	V.1.12.0.18	1
450	CENTURYTEL	1
3238	SERIVCES	1
3237	CUSTOMIZE	1
3236	OT	1
3233	SOOO	1
451	ACCES	1
3229	SIDEGRADE	1
3228	DOSE'T	1
457	REMEMBER	1
3224	ALLOWED	1
3223	ASHAMED	1
458	TECHNICIAN	1
3221	802.11AD	1
3248	BEND	1
1640	BURNING	1
403	YO	1
435	CHOICES	1
3284	RE-CONFIGURE	1
406	BLAST	1
3281	YOGA	1
3280	PREDICESSOR	1
408	FETISH	1
409	LG	1
3276	DOGGED	1
413	SPLURGED	1
414	TESTING	1
3271	CHIPPED	1
3268	PRESS	1
420	MARGINAL	1
3266	ROLLING	1
422	STRUGGLING	1
3261	WORKIG	1
3260	WARNED....COMPLETE	1
426	MANAGER	1
431	DRIVING	1
3253	ODPF	1
339	COULDNT	1
3355	POST	1
3492	RIPOFFS	1
249	CAPITAN	1
1628	DIR-825	1
3449	OBSERVATIONS	1
261	MAD	1
262	FUTURE	1
263	ABYSMAL	1
264	USB3	1
266	SUPERIOR	1
3443	CRAPPED	1
3441	R7800	1
1585	N66	1
268	PHONE(TESTED	1
3436	OPTICS	1
270	OPTIMIZE	1
1584	WE'VE	1
274	PUSH	1
275	FLOWER	1
276	RAPIDLY	1
277	TROUBLESHOOT	1
278	EXPERT	1
3454	UVERSE	1
246	SIGNAL-GET	1
3423	GR8PRODUCTS4U	1
245	CONFIGURING	1
217	CREATIVE	1
219	TURTLE	1
220	REFURBER	1
3486	ORIGINALLY	1
3485	98	1
222	UTTERLY	1
223	ATTEMPTING	1
224	CIRCA	1
3480	OWNING	1
226	WIN8.1	1
3477	CRAMPED	1
228	HIGH-SPEED	1
3473	THROTTLED	1
229	WANNABE	1
3470	1200	1
232	433	1
3465	FARCE	1
241	INSTALLMENT	1
3463	BOTHERSOME	1
1631	WNR	1
3421	PORTION	1
3357	1.0.0.32	1
316	180	1
317	FTP	1
3382	ENDS	1
629	BLOCKS	1
1635	CHAMP	1
320	1/10	1
3375	EOL	1
322	RESTARTED	1
3373	BLOCKED	1
3371	02	1
3370	UPGRADING	1
324	SLOWEST	1
3368	TIER	1
325	NOW...BUT	1
326	REALITY	1
328	TL-WDR3500	1
3362	UPSETTING	1
331	SPYING	1
3360	DISCONTINUED	1
3359	OVERAGES	1
3384	RANGE.....UNFORTUNATELY	1
314	BETA	1
289	PRESENTED	1
3387	CDROM	1
3418	EXPIRE	1
292	READY<ANYTHING	1
3413	ANGLE	1
295	OOPS	1
296	ADJACENT	1
299	92	1
3408	DON`T	1
1583	PROTECTION	1
3404	HARDWARES	1
302	FLUCTUATION	1
304	WHAT'S	1
306	STATES	1
3396	WARNING-DON'T	1
3395	CM700	1
307	AGGRAVATIONNOT	1
308	FRAUDULENT	1
310	FORTUNE	1
3390	HUNDREDS	1
3389	SILENT	1
3380	OUTSTANDING	1
1546	PARTIALLY	1
2972	FIRST....3	1
2150	BOUGH	1
2170	GENERALLY	1
1197	SUGGESTED	1
1198	BLUE	1
2163	DOWNGRADE	1
2162	SOMELSE	1
2161	TRANSMITTING	1
1204	EIGHT	1
1206	FEBRUARY	1
2153	GEEK	1
1519	DAM	1
2149	EXPORBITANT	1
1226	DOWNLINK	1
2148	10/100/1000	1
2146	WORD	1
1717	DVD	1
1211	FEELS	1
2142	TROUBLESOME	1
1218	CAPSULE	1
1518	MISTAKEWRONG	1
1220	HOOKING	1
2137	7000	1
2136	YEAH	1
1195	STOPED	1
2174	SERVICEABLE	1
2178	TRUSTY	1
2180	2005	1
1162	ENHANCING	1
2218	UNCERTAIN	1
1163	RENDER	1
1164	DINT	1
1170	CAPABILITIES	1
1173	EASTERN	1
2207	DON.T	1
2206	GOD	1
1520	KINDS	1
1176	KNUCKLE-HEADED	1
1715	RESTRICTION	1
1182	KEYWORD	1
2197	DASHED	1
2193	LOL	1
2192	NOTICEABLY	1
2190	DISAPPOINTMENTS	1
2188	N300(WNR2000	1
1187	ROB	1
1190	POORER	1
2182	LASTING	1
1192	DOSE	1
1223	INDICATED	1
2129	WOULDNT	1
1273	IT.....AT	1
1265	PRODUCT1	1
2088	LETDOWN	1
1256	EX	1
2086	SUPERFICIAL	1
2085	CUZ	1
1260	ASKED	1
2083	ADVISED	1
1720	BOTTLENECK	1
1262	DUMP	1
2080	S4	1
1264	LABEL	1
2077	GUARANTEED	1
2128	LANGUAGES	1
2076	MISSED	1
2075	LATER.....HATE	1
2072	ROUTER/TERRIBLE	1
2070	6MBPS	1
2069	V4	1
2067	LOCATION/SITUATION	1
1266	SCHEDULING	1
1268	3-STORY	1
2064	UNPUBLISHED	1
2063	PARCHED	1
2091	RESTRICT	1
1719	17	1
2094	FIZZING	1
1248	INBCOMPETENT	1
2127	POWER-CYCLED	1
1228	ITEML	1
2125	SUPPLIES	1
1230	TRANSMISSION	1
2123	GUT	1
1231	DRAFT-N	1
2120	OTH	1
1232	FUNDAMENTALS	1
2118	WIRING	1
2116	STRAIGHT	1
1234	1920'S	1
2114	PROPRIETARY	1
1235	BUFFERS	1
2108	194	1
1240	LONGEVITY	1
2105	GOODBYE	1
2104	DISAPPEARS	1
2102	10/100	1
2100	NON-WORKING	1
2097	FOULED	1
1245	LOCALLY	1
1161	POSITIONING	1
1158	PRONTERS	1
2223	CANDLE	1
2306	ERRORS	1
2316	EXISTANT	1
2315	PINCH	1
1099	ISNTALL	1
2313	PROXYING	1
2312	ACTING	1
2311	CITY	1
2310	V1.2.0.32_40.0.74	1
2309	TALKING	1
2308	GRANDFATHER'S	1
2307	ITUNES	1
2304	FINE..WHEN	1
1155	CLAIM	1
2303	EXCEPTION	1
2302	DEPENDABILITY	1
1521	HOW/WHERE	1
1103	SOURS	1
1104	SAVVY	1
1105	INSISTS	1
2297	CONTRACT	1
1107	RIDICULOUS	1
2293	1GBPS	1
2289	IT--JUST	1
1097	EASE	1
1096	CHALLENGING	1
1708	NOTCH	1
1094	CONCRETE	1
1065	NEIGHBORS	1
1071	CRAWL	1
1072	WIL	1
2353	UNLEASH	1
1073	ITTY-BITTY	1
1075	BYE	1
2349	WARRANTY....ONCE	1
2346	SATURDAY	1
2342	64W	1
1076	USLESS	1
1077	ASSUME	1
2339	INSTALLING	1
1078	POSTAGE	1
2337	LOCATIONS	1
2333	CORNORS	1
2332	TERRIBLE....DONT	1
1081	OFFER	1
2325	FRAGMENTATION	1
2324	STRANGE	1
2323	REPAIR	1
1092	SCRATCHES	1
1110	STATIC	1
2286	PITCHED	1
2285	INSTRUCTION	1
2254	HARDER	1
1134	ISPS	1
1135	REFERRED	1
1136	NEVERRRRRRRRRR	1
2248	PROBLR=EM	1
2246	HORROR	1
2244	BUT....OMGOSH	1
2242	POWERS	1
1139	ABSOLUTLEY	1
2240	EPB	1
1140	HASSLE-FREE	1
1142	BADLYT	1
1144	SIGNIFICANT	1
2235	UNPREDICTABLE	1
2234	AFFORDABLE	1
1145	3MB/S	1
1152	STEERING	1
1153	BURN	1
2229	HESITANT	1
2228	SPECIFICATION	1
2227	PITA	1
2226	R6400	1
1712	DECEIVED	1
1132	ATTEMPTS	1
1710	GOING--FINALLY	1
1131	SIGNEL	1
1114	APPALLING	1
2282	SYNCING	1
1115	ENABLED	1
2280	REMAIN	1
2279	SUB-NETWORK	1
2278	MEDIUM	1
1122	QC	1
1123	TRAINING	1
1124	DEGREE	1
2274	FAITH	1
1125	RISKING	1
2272	MEH....NOT	1
1126	EXPANDED	1
2270	DEMAND	1
1128	FARTHEST	1
2268	NETOWRK	1
2265	PREPARE	1
2264	ROUTER...DEFECTIVE	1
2262	CONSOLE	1
2261	GARBAGE...UNIT	1
1711	SPARE	1
1269	BLURAY	1
1277	UH	1
1064	HALF-BAKED	1
1848	OPERATOR	1
1399	DANG	1
1402	SOFTWARE/HARDWARE	1
1860	CHARGES	1
1406	FOLKS	1
1857	HMMMMMMMMM	1
1856	SUBSTANCE	1
1855	DITCHING	1
1852	UNSATISFIED	1
1851	EDIT2	1
1409	CHROME	1
1410	CS	1
1422	SHOWED	1
1413	ME...OR	1
1414	PICKS	1
1416	COMCAST'S	1
1839	BRIGHT	1
1836	GALLED	1
1835	INADVERTENTLY	1
1834	UNWILLING	1
1420	LATELY	1
1832	FORD	1
1831	PERSISTENT	1
1867	RESPONSIBLE	1
1398	PERFOMANCE	1
1397	EXPEREINCE	1
1394	HMMMMM	1
1900	XP	1
1381	OPENVPN	1
1898	APPRECIATED	1
1897	PLAYSTATION	1
1896	PROPAGANDA	1
1895	PAINTING	1
1	SUPPOSEDLY	1
1892	DAYS.OF	1
1890	RING	1
1889	14.04	1
1887	SENDS	1
1886	CAUTIONARY	1
1885	REINSTALL	1
1386	SELF-DESTRUCTS	1
1387	ACHIEVE	1
1880	LUMA	1
1507	802.11/AC	1
1878	1/2014	1
1390	RIPPED	1
1391	EUROPEAN	1
1393	4TH	1
1421	OSWP	1
1423	HANDLED	1
1283	DRAMATICALLY	1
1779	MANAGE	1
1446	BOGUS	1
1447	WNR3500L	1
1448	REACHING	1
1449	DEGREES	1
1789	LOWEST	1
1787	OFFEN	1
1738	EXSPECTED	1
1452	DEFINITION	1
1453	RECOMENDATION	1
1455	WNR2000	1
1505	USED1	1
1425	1000	1
1464	MERAKIA	1
1474	HACKED	1
1768	SUCESSFULLY	1
1504	AC600	1
1743	DROUPOUTS	1
1492	BLAMING	1
1757	SPEEDY	1
1756	DOWNGRADED	1
1744	PHASE	1
1496	SIMILARLY	1
1794	LAWSUIT	1
1795	NOVICE	1
1444	MINS	1
1443	ENABLE	1
1427	DUCATI	1
1824	WIREFREE	1
1736	REFLASHED	1
1822	IN-LAWS	1
1821	BLACKED	1
1820	WELL.....FOR	1
1819	PANDORA	1
1737	HOG	1
1817	UNGAINLY	1
1431	TUBE	1
1432	HR	1
1438	DEFECTS	1
1807	"I""LL"	1
1806	SUFFICE	1
1441	COW	1
1803	STANDARD	1
1802	PLEASES	1
1801	80-100	1
1800	USELESS...BROKE	1
1799	SERVE	1
1442	DIG	1
1901	DREADFUL	1
1377	HIRED	1
1905	CONSUMERS	1
1322	GATHERING	1
2008	72	1
1309	N800	1
1514	TWIG	1
1724	DAY...AVOID	1
1316	DEPARTMENT	1
2000	FLOORS	1
1317	WNR2500	1
1997	STOREY	1
1513	SUFFERS	1
1321	WATCHING	1
1989	ODD	1
1375	BROADBAND	1
1987	FLYING	1
1986	FLASHED	1
1326	RECURRING	1
1984	AWAY-NETGEAR	1
1328	SITTING	1
1330	TAILLIGHT	1
1331	UNSTICK	1
1978	CHINESE	1
1334	BACKGROUND	1
1975	STREET	1
1306	CLUE	1
2013	EFFECTIVELY	1
1304	MIRACULOUSLY	1
1303	RATED	1
2052	CHOICE.....FOR	1
2051	FIRMWARE\BAD	1
2050	FIDDLING	1
1284	FACEPLANT	1
2047	ROUTERNET	1
1286	DECEPTIVE	1
2044	START-UP	1
2043	FALLING	1
2042	TENDED	1
1287	RELAY	1
2040	SCARY	1
2035	REACHES	1
2034	SEPERATE	1
1290	AFTEE	1
2032	DON;T	1
1294	CE	1
2026	BOLD	1
2025	ARTICLE	1
2021	HAVENT	1
1298	FUNCIONA	1
1299	WIFE'S	1
1974	APPARENT	1
1335	24TH	1
1971	PASSED	1
1936	COMPARABLE	1
1933	5-8	1
1356	DISCONNETS	1
1357	BROWSE	1
1358	SETUP....NOT	1
1929	ADS	1
1361	BACK-END	1
1927	SPECIALLY	1
1924	DEATH	1
1364	KAPUT	1
1922	YELL	1
1921	INSTALLING/UNINSTALLING/INSTALLING	1
1920	STICKY	1
1919	CHARGED	1
1918	SMALLER	1
1915	SUCK	1
1510	HEATING	1
1369	NETGEAR2000	1
1910	BUY---STAY	1
1371	ATTEMPTED	1
1908	HELP--LONG	1
1374	LENOVO	1
1934	VARIOUS	1
1937	BALLS	1
1969	ADVERTSING	1
1938	INTELLIGENT	1
1726	BEHAVING	1
1965	ENTRY	1
1343	ASSIST	1
1963	NONFUNCTIONAL	1
1962	MOCA	1
1960	INBUILT	1
1959	IMPRESSIVE...FOR	1
1958	RESTOCKING	1
1956	UNINTUITIVE	1
1955	ONE-YEAR	1
1346	PEACE	1
1512	WOTJBE	1
1729	BEAST	1
1352	HMMM	1
1948	USABLE	1
1946	MARINA	1
1943	THICK	1
1942	SLUGGISH	1
1941	FLASH	1
1940	30-ISH	1
1354	KNOCKED	1
2358	FOREVER	1
2360	1.0.2.68	1
631	CONTAIN	1
755	PULL	1
1551	ARBITRARY	1
2785	BUNDLED	1
2783	DOWNLOAG	1
749	LISTENED	1
2781	DREAM	1
1548	MAKING	1
2776	WGL	1
752	N100	1
2773	TRADEOFF	1
754	REPEATING	1
1547	WIRELESS-AC1900	1
778	HICCUPS	1
2768	WIFE	1
759	LATE	1
764	RATIO	1
2764	RATINGS	1
773	NON-TECH	1
2761	300MBPS	1
2760	REMEDY	1
775	ROW	1
2757	GOOD....WHEN	1
2756	PARENTAL/DEVICE	1
2787	MEANT	1
746	TANKED	1
2789	2/8/17	1
2791	HOLE	1
724	CASES	1
2821	DEVISES	1
2819	FANCY	1
2817	BOOTED	1
729	FAILED-STOPPED	1
2815	PISSED	1
2814	OURS	1
730	INVEST	1
731	3/4	1
732	SADNESS	1
2808	ACCEPTABLE	1
2805	5GHZ/2.4GHZ	1
2804	NEST	1
2802	TDS	1
736	186	1
1672	DIID	1
739	AHEAD	1
740	HERE'S	1
741	HALFWAY	1
2793	UNTILL	1
2792	OVERACHIEVER...BUT	1
777	MONEY....I	1
780	STYLE	1
835	MYWIFIEXT.NET	1
2696	OCASSIONALLY	1
811	ASTOUNDING	1
812	FATALLY	1
2709	DHCPV6	1
2706	COMPARIBLE	1
2705	PATTERN	1
2704	RECONDITIONED	1
816	AFFORD	1
2699	SCREEN	1
820	SUSPECTED	1
2697	SELLERS	1
822	SHIT	1
789	WALLET	1
1600	DEBUG/SETUP	1
2692	OPTIMAL	1
2690	SURPRISINGLY	1
2689	UBUNTU	1
829	COMPLAINT	1
1681	THEREFORE	1
2683	LOOPHOLE	1
2682	MASTER	1
832	S***TY	1
833	NY	1
810	RECEIVING	1
2715	COUL	1
2717	NOTED	1
2718	MOLASSES	1
2751	CONFIGURED....PLUS	1
2749	RESOVLES	1
2747	PPL	1
791	UNSUPORTED	1
2745	DEMANDS	1
792	SUITABLE	1
2742	V1.0.2.120_1.0.17	1
796	SHOP	1
800	33	1
802	REVISED	1
2735	PROMOTION	1
803	VASE	1
2731	PICO	1
2729	MONSTROUSLY	1
2728	3000	1
2727	SUCCESSOR	1
2725	DATE/TIME	1
806	NETGEAR....NEVER	1
2722	MARKER	1
2721	CRANK	1
2720	BECASE	1
2823	OVERKILL	1
721	SNAPPED	1
719	WIN8	1
2917	NEXUS	1
2933	68U	1
664	BUILDING	1
2930	DETERIORATE	1
2929	DOORSTOP	1
2928	LOGIN	1
2927	STOLEN	1
2923	TRANSMITS	1
2921	NETGREAR	1
2920	COMMS	1
2919	LIST--CANNOT	1
2916	LACKS	1
1671	UG	1
667	HEAR	1
2913	RESPONDING	1
669	SKYPING	1
2910	PUTTING	1
670	DYSFUNCTIONAL	1
671	FREEZING	1
672	DISAPPOINTS	1
2905	HOLDS	1
2904	UNRELIABLE-BUT	1
2902	PLANNED	1
662	RARELY	1
1667	MOUSE	1
1552	FO	1
2940	COLORATION	1
2969	TOMORROW	1
632	160	1
2967	QUALITIES	1
2964	FROZEN	1
637	DISGRACE	1
2959	UNDERSTANDS	1
640	PHYSICALLY	1
641	FEELING	1
643	BS	1
2953	SOOOOO..VERY	1
2952	WE'D	1
2951	VOLUNTEERS	1
1663	PERENTAL	1
646	DOOMED	1
2948	COMPETITORS	1
648	PC'S	1
2946	MAJORITY	1
2944	PERSONAL	1
1665	WINDOWS10	1
655	PRODUCT--IF	1
656	SHOOT	1
674	USE.BUY	1
2900	KEY	1
2899	HANDY	1
2862	UNHOOKED	1
703	MICRO	1
705	2800SQRT	1
2858	FIREWALLING	1
706	RANGER	1
2855	EDGE	1
2853	HORRIBLY	1
2852	NOGO	1
2850	EL	1
2849	CLICKS	1
2848	SETS	1
2847	BOOOO	1
709	CHANNELS	1
2845	INTEGRATION	1
710	COSYT	1
715	HP	1
2837	CONSUME	1
2836	YIELDS	1
2835	AC1750V2	1
2831	APARTMENTS	1
716	POWERED	1
717	ORODUCT	1
702	REFURBISHING	1
700	BACKHAULOPTION	1
676	FLIP	1
698	ACCOMPANY	1
2897	PERIODS	1
2896	CONSIDERATIONS	1
2895	NAG-WARE	1
2894	NON-STARTER	1
678	LEAD	1
2892	MBP	1
680	GUARD	1
683	MIMO	1
2888	ANYBODY	1
684	IMPLEMENT	1
2886	NON-FUNCTIONAL	1
687	ACCIDENTAL	1
2883	RE-BOOT	1
1668	WI/FI	1
2878	DEALS	1
2877	RE-BBOT	1
2874	RECEVED	1
692	TEST	1
2871	15-30	1
1669	STALL	1
2869	CREATESA	1
834	REALIZED	1
1545	ANYWAY	1
1706	LOOSER	1
2462	MB/S	1
969	2WEEKS	1
2477	600MBS	1
970	MEASUREMENTS	1
971	PACKETS	1
2473	WPN824N	1
975	HUGELY	1
2469	AMAZON'S	1
2468	DIAL-UP	1
2465	DD-WRT/OPENWRT/ETC	1
1537	GIZMO	1
2461	MISERABLE	1
2445	LEAVE	1
2460	GAMIMG	1
982	ADMITTED	1
2457	3700V2	1
986	HOPEFUL	1
1534	PERFORMER	1
2452	AREN'T	1
990	RUDE	1
2450	CAST	1
2448	AGES	1
2447	UR	1
2479	BELIEF	1
967	INTEND	1
2482	INSTRUCTIONAL	1
2483	DEPENDENT	1
2513	IGNORES	1
2512	ID	1
946	LOOPBACK	1
1694	SURFACE	1
2507	PROFORMANCE	1
2505	FLEXIBLE	1
2502	IMPROVEMENTS	1
953	TOWNHOME	1
2499	WNR1000V3	1
2498	INTENTIONAL	1
954	CUT'S	1
1696	SEPTEMBER	1
2494	TOWARD	1
2492	250-300MBPS	1
2491	LISTENING	1
963	WHEELER	1
965	REAL-WORLD	1
2488	BLU	1
966	HOPPING	1
2485	170	1
2484	SHOWING	1
2446	1T	1
991	DIS)SERVICE	1
2671	FOOLED	1
2385	EXPLANATION	1
2397	MALWARE	1
1035	CHIPSET	1
1037	NET-NEW	1
1038	PROMPT	1
1039	INSTILLATION	1
1040	SMASHED	1
2389	JUNK/NETGEAR	1
1043	REGAIN	1
1044	STARTING	1
2386	INSECURE	1
2382	CELLPHONES	1
993	PE	1
2378	SPECIALISTS	1
1702	MAL-WARE	1
1050	S7UDENTMAN	1
2374	BOAT	1
2373	CONTRACTS	1
1052	TRIAL	1
1527	FOLLOWING	1
1526	DM	1
1059	SIMPLER	1
1525	ROCKS	1
1034	41	1
1031	POSTING	1
2402	FORTUNATELY	1
2403	THEFT	1
994	1/2015	1
1533	MAP	1
1000	POSITION	1
1002	4/18/17	1
2433	275	1
2432	STANDALONE	1
2431	BESIDES	1
2427	DEVELOPED	1
1011	IMPACT	1
1014	INSTRUCIONS	1
1532	UNSURE	1
2419	INERNET	1
1020	3/25/16	1
2415	HIGHTER	1
1021	DIFFICUT	1
2413	ERRACTIC	1
2412	OFFERED	1
2411	DISABLE	1
2408	PINGING	1
2406	SINGLE-WIDE	1
1026	UPWARDS	1
2514	ADDITION	1
2515	MEH--SLOW	1
2516	DISMAL	1
876	COMMUNITY	1
867	TECH-SAVVY	1
868	PRDUCT	1
2630	CONNECTIVITY...RETURNING	1
869	GAMESTREAM	1
2628	SIT	1
2626	INCLUDING	1
2624	WAITS	1
872	SUPER-SLOW	1
2620	HEEDED	1
2616	MAINTAINS	1
878	EXCEPTIONAL	1
2517	MB	1
879	CONFUSING	1
2607	RECOGNIZES	1
881	200MBPS	1
882	MEMORY	1
2603	FINISHING	1
2602	KNOWLEDGABLE	1
2601	NOTGEAR	1
883	GOOD/BAD	1
885	EAGLE	1
2596	MENTIONED	1
2636	IMMINENT	1
2637	TRIVIAL	1
2638	AUTISTIC	1
865	WHATSOEVER	1
845	OH	1
849	MUSIC	1
850	MARKS	1
2665	EASIEST	1
2664	ADAPTOR	1
2662	NO,NO,NO	1
851	CAREFULL	1
2660	DEPENDING	1
852	169.95	1
2658	SUBSCRIBERS	1
853	UNSOLVABLE	1
2656	FEEDBACK	1
854	UPTO	1
856	APU/SURGE	1
2650	WEAK-SAUCE	1
2645	SERICE	1
2644	SUPERVISOR	1
859	ROUTER/ACCESS-POINT	1
860	TREMENDOUS	1
2641	BOY	1
863	DISABLING	1
2595	MINIMUM	1
886	PLATFORM	1
2593	HAPPIER	1
909	SLOWING	1
2557	SANITY	1
913	STENGTH	1
2552	PREFIX	1
923	WINNER	1
2547	BUGGIE	1
925	PLAYBACK	1
1692	DRASTIC	1
928	RECOGNIZE	1
1693	SNOOPING	1
931	DYSFUNCTION	1
932	HADN'T	1
2533	SONY	1
934	EXPLICIT	1
2528	HAD/HAVE	1
2526	ALRIGHT	1
938	RENDERES	1
2523	FIRMWARE/DRIVERS	1
940	TIME...REFURBISHED	1
2520	WIRED/WIRELESS	1
943	TOPS	1
944	DAMAGED	1
911	IMPLEMENTATION	1
1541	JUCK	1
2592	PURPLE	1
2561	EXTENSIVE	1
887	HARDWIRE	1
2588	16X80	1
2585	INCONSISTENTLY	1
2584	UNPLUGGED	1
1688	FAILE	1
892	THANK	1
894	STRINGENT	1
2579	DEVELOPMENT	1
2578	FOLLOW	1
2576	NETWORK-SAVVY	1
2575	SHELLING	1
900	1300	1
901	ROAD	1
2570	22	1
904	FOURTH	1
2568	LOUSEY	1
2567	IMO	1
2566	PLOWING	1
905	WARENTY	1
2564	WARNINGS	1
907	MISBEHAVED	1
826	LOOSING	1
